{
  "train/M0101": {
    "n_frames_total": 408,
    "n_sampled": 40,
    "n_transforms": 39,
    "width": 1024,
    "height": 540,
    "translation_px_per_frame_median": 1.2903194545386005,
    "translation_norm_per_frame_median": 0.0011145930409376637,
    "rotation_deg_per_frame_median": 0.010712444336227192
  },
  "train/M0201": {
    "n_frames_total": 1076,
    "n_sampled": 40,
    "n_transforms": 39,
    "width": 1024,
    "height": 540,
    "translation_px_per_frame_median": 1.170249350637584,
    "translation_norm_per_frame_median": 0.0010108750804264112,
    "rotation_deg_per_frame_median": 0.03365982753071222
  },
  "train/M0202": {
    "n_frames_total": 291,
    "n_sampled": 37,
    "n_transforms": 36,
    "width": 1024,
    "height": 540,
    "translation_px_per_frame_median": 0.49908191597080426,
    "translation_norm_per_frame_median": 0.00043111279803016646,
    "rotation_deg_per_frame_median": 0.004873136741148556
  },
  "train/M0203": {
    "n_frames_total": 1007,
    "n_sampled": 40,
    "n_transforms": 39,
    "width": 1024,
    "height": 540,
    "translation_px_per_frame_median": 3.2805660907294847,
    "translation_norm_per_frame_median": 0.0028337913701926396,
    "rotation_deg_per_frame_median": 0.07684489722821938
  },
  "train/M0204": {
    "n_frames_total": 350,
    "n_sampled": 40,
    "n_transforms": 39,
    "width": 1024,
    "height": 540,
    "translation_px_per_frame_median": 1.2410066922678924,
    "translation_norm_per_frame_median": 0.0010719960999529996,
    "rotation_deg_per_frame_median": 0.040740484915798465
  },
  "train/M0206": {
    "n_frames_total": 562,
    "n_sampled": 40,
    "n_transforms": 39,
    "width": 1024,
    "height": 540,
    "translation_px_per_frame_median": 1.0549517845126464,
    "translation_norm_per_frame_median": 0.0009112796938824962,
    "rotation_deg_per_frame_median": 0.005877026935043419
  },
  "train/M0207": {
    "n_frames_total": 885,
    "n_sampled": 40,
    "n_transforms": 39,
    "width": 1024,
    "height": 540,
    "translation_px_per_frame_median": 2.136071051560263,
    "translation_norm_per_frame_median": 0.0018451631653254611,
    "rotation_deg_per_frame_median": 0.10054250279094876
  },
  "train/M0209": {
    "n_frames_total": 1576,
    "n_sampled": 40,
    "n_transforms": 39,
    "width": 1024,
    "height": 540,
    "translation_px_per_frame_median": 0.17418395985693086,
    "translation_norm_per_frame_median": 0.000150462142391648,
    "rotation_deg_per_frame_median": 0.011461062610098171
  },
  "train/M0210": {
    "n_frames_total": 583,
    "n_sampled": 40,
    "n_transforms": 39,
    "width": 1024,
    "height": 540,
    "translation_px_per_frame_median": 1.4207732098332229,
    "translation_norm_per_frame_median": 0.001227280521006361,
    "rotation_deg_per_frame_median": 0.033551764560020646
  },
  "train/M0301": {
    "n_frames_total": 325,
    "n_sampled": 40,
    "n_transforms": 39,
    "width": 1024,
    "height": 540,
    "translation_px_per_frame_median": 1.533614006022136,
    "translation_norm_per_frame_median": 0.0013247537209365302,
    "rotation_deg_per_frame_median": 0.014572156636985634
  },
  "train/M0401": {
    "n_frames_total": 613,
    "n_sampled": 40,
    "n_transforms": 39,
    "width": 1024,
    "height": 540,
    "translation_px_per_frame_median": 3.4438587113566803,
    "translation_norm_per_frame_median": 0.002974845446334294,
    "rotation_deg_per_frame_median": 0.0667910373776573
  },
  "train/M0402": {
    "n_frames_total": 410,
    "n_sampled": 40,
    "n_transforms": 39,
    "width": 1024,
    "height": 540,
    "translation_px_per_frame_median": 0.4050827822850969,
    "translation_norm_per_frame_median": 0.0003499152466085125,
    "rotation_deg_per_frame_median": 0.005301053593250472
  },
  "train/M0501": {
    "n_frames_total": 352,
    "n_sampled": 40,
    "n_transforms": 39,
    "width": 1024,
    "height": 540,
    "translation_px_per_frame_median": 0.9401956688092782,
    "translation_norm_per_frame_median": 0.0008121520185474382,
    "rotation_deg_per_frame_median": 0.027765423286983493
  },
  "train/M0602": {
    "n_frames_total": 480,
    "n_sampled": 40,
    "n_transforms": 39,
    "width": 1024,
    "height": 540,
    "translation_px_per_frame_median": 0.27478721592600314,
    "translation_norm_per_frame_median": 0.000237364411993058,
    "rotation_deg_per_frame_median": 0.004417117526437504
  },
  "train/M0603": {
    "n_frames_total": 2035,
    "n_sampled": 40,
    "n_transforms": 39,
    "width": 1024,
    "height": 540,
    "translation_px_per_frame_median": 0.02578779195964976,
    "translation_norm_per_frame_median": 2.2275796399312524e-05,
    "rotation_deg_per_frame_median": 0.000834221128964828
  },
  "train/M0604": {
    "n_frames_total": 1079,
    "n_sampled": 40,
    "n_transforms": 39,
    "width": 1024,
    "height": 540,
    "translation_px_per_frame_median": 0.8348126599630904,
    "translation_norm_per_frame_median": 0.0007211209425763836,
    "rotation_deg_per_frame_median": 0.016052532934366273
  },
  "train/M0605": {
    "n_frames_total": 787,
    "n_sampled": 40,
    "n_transforms": 39,
    "width": 1024,
    "height": 540,
    "translation_px_per_frame_median": 2.0896791808110224,
    "translation_norm_per_frame_median": 0.0018050893246100445,
    "rotation_deg_per_frame_median": 0.06673300683483493
  },
  "train/M0701": {
    "n_frames_total": 700,
    "n_sampled": 40,
    "n_transforms": 39,
    "width": 1024,
    "height": 540,
    "translation_px_per_frame_median": 1.1053911612483556,
    "translation_norm_per_frame_median": 0.000954849817622867,
    "rotation_deg_per_frame_median": 0.0017167214734965562
  },
  "train/M0702": {
    "n_frames_total": 777,
    "n_sampled": 40,
    "n_transforms": 39,
    "width": 1024,
    "height": 540,
    "translation_px_per_frame_median": 1.800990681950239,
    "translation_norm_per_frame_median": 0.0015557168217797046,
    "rotation_deg_per_frame_median": 0.15312495121898476
  },
  "train/M0703": {
    "n_frames_total": 683,
    "n_sampled": 40,
    "n_transforms": 39,
    "width": 1024,
    "height": 540,
    "translation_px_per_frame_median": 4.841287694858669,
    "translation_norm_per_frame_median": 0.004181960951519692,
    "rotation_deg_per_frame_median": 0.2728312372682399
  },
  "train/M0704": {
    "n_frames_total": 832,
    "n_sampled": 40,
    "n_transforms": 39,
    "width": 1024,
    "height": 540,
    "translation_px_per_frame_median": 1.3902212823693276,
    "translation_norm_per_frame_median": 0.0012008894086204234,
    "rotation_deg_per_frame_median": 0.014639305421210525
  },
  "train/M0801": {
    "n_frames_total": 298,
    "n_sampled": 38,
    "n_transforms": 37,
    "width": 1024,
    "height": 540,
    "translation_px_per_frame_median": 1.5023478504925463,
    "translation_norm_per_frame_median": 0.0012977456499913263,
    "rotation_deg_per_frame_median": 0.0662117803169751
  },
  "train/M0901": {
    "n_frames_total": 1906,
    "n_sampled": 40,
    "n_transforms": 39,
    "width": 540,
    "height": 960,
    "translation_px_per_frame_median": 2.5312109040573465,
    "translation_norm_per_frame_median": 0.0022980640659159353,
    "rotation_deg_per_frame_median": 0.26398492293226267
  },
  "train/M0902": {
    "n_frames_total": 384,
    "n_sampled": 40,
    "n_transforms": 39,
    "width": 1024,
    "height": 540,
    "translation_px_per_frame_median": 1.0222331588177427,
    "translation_norm_per_frame_median": 0.0008830169622153028,
    "rotation_deg_per_frame_median": 0.0031652390927167824
  },
  "train/M1002": {
    "n_frames_total": 660,
    "n_sampled": 40,
    "n_transforms": 39,
    "width": 1024,
    "height": 540,
    "translation_px_per_frame_median": 0.48936836254989263,
    "translation_norm_per_frame_median": 0.0004227221169413536,
    "rotation_deg_per_frame_median": 0.004434557974890499
  },
  "train/M1005": {
    "n_frames_total": 537,
    "n_sampled": 40,
    "n_transforms": 39,
    "width": 540,
    "height": 1024,